{
  "ocean": {
    "name_zh": "海洋",
    "name_en": "Ocean",
    "id": 0,
    "rarity": {
      "1.18": 0.0688343,
      "1.19": 0.0708174,
      "1.20.0-51": 0.069596,
      "1.20.60-81": 0.069596,
      "1.21-1.21.40": 0.069596,
      "1.21.50": 0.0686585
    }
  },
  "plains": {
    "name_zh": "平原",
    "name_en": "Plains",
    "id": 1,
    "rarity": {
      "1.18": 0.1066026,
      "1.19": 0.1065113,
      "1.20.0-51": 0.1066534,
      "1.20.60-81": 0.1066534,
      "1.21-1.21.40": 0.1066534,
      "1.21.50": 0.1051971
    }
  },
  "desert": {
    "name_zh": "沙漠",
    "name_en": "Desert",
    "id": 2,
    "rarity": {
      "1.18": 0.0235348,
      "1.19": 0.0231818,
      "1.20.0-51": 0.0231562,
      "1.20.60-81": 0.0231562,
      "1.21-1.21.40": 0.0231562,
      "1.21.50": 0.0247108
    }
  },
  "extreme_hills": {
    "name_zh": "风袭丘陵",
    "name_en": "Extreme Hills",
    "id": 3,
    "rarity": {
      "1.18": 0.0027498,
      "1.19": 0.0028508,
      "1.20.0-51": 0.0027463,
      "1.20.60-81": 0.0027463,
      "1.21-1.21.40": 0.0027463,
      "1.21.50": 0.0027367
    }
  },
  "forest": {
    "name_zh": "森林",
    "name_en": "Forest",
    "id": 4,
    "rarity": {
      "1.18": 0.1211883,
      "1.19": 0.1219285,
      "1.20.0-51": 0.1217922,
      "1.20.60-81": 0.1217922,
      "1.21-1.21.40": 0.1217922,
      "1.21.50": 0.1207052
    }
  },
  "taiga": {
    "name_zh": "针叶林",
    "name_en": "Taiga",
    "id": 5,
    "rarity": {
      "1.18": 0.0346482,
      "1.19": 0.0344328,
      "1.20.0-51": 0.0350218,
      "1.20.60-81": 0.0350218,
      "1.21-1.21.40": 0.0350218,
      "1.21.50": 0.034145
    }
  },
  "swamp": {
    "name_zh": "沼泽",
    "name_en": "Swamp",
    "id": 6,
    "rarity": {
      "1.18": 0.0152406,
      "1.19": 0.0104819,
      "1.20.0-51": 0.0098636,
      "1.20.60-81": 0.0098636,
      "1.21-1.21.40": 0.0098636,
      "1.21.50": 0.0099803
    }
  },
  "river": {
    "name_zh": "河流",
    "name_en": "River",
    "id": 7,
    "rarity": {
      "1.18": 0.0620802,
      "1.19": 0.0620471,
      "1.20.0-51": 0.0619761,
      "1.20.60-81": 0.0619761,
      "1.21-1.21.40": 0.0619761,
      "1.21.50": 0.0617388
    }
  },
  "hell": {
    "name_zh": "下界荒地",
    "name_en": "Hell",
    "id": 8,
    "rarity": {
      "1.18": 1.0,
      "1.19": 1.0,
      "1.20.0-51": 1.0,
      "1.20.60-81": 1.0,
      "1.21-1.21.40": 1.0,
      "1.21.50": 1.0
    }
  },
  "the_end": {
    "name_zh": "末地",
    "name_en": "The End",
    "id": 9,
    "rarity": {
      "1.18": 1.0,
      "1.19": 1.0,
      "1.20.0-51": 1.0,
      "1.20.60-81": 1.0,
      "1.21-1.21.40": 1.0,
      "1.21.50": 1.0
    }
  },
  "frozen_ocean": {
    "name_zh": "冻洋",
    "name_en": "Frozen Ocean",
    "id": 10,
    "rarity": {
      "1.18": 0.0230261,
      "1.19": 0.0225579,
      "1.20.0-51": 0.0223845,
      "1.20.60-81": 0.0223845,
      "1.21-1.21.40": 0.0223845,
      "1.21.50": 0.0226914
    }
  },
  "frozen_river": {
    "name_zh": "冻河",
    "name_en": "Frozen River",
    "id": 11,
    "rarity": {
      "1.18": 0.0084105,
      "1.19": 0.0083264,
      "1.20.0-51": 0.0083999,
      "1.20.60-81": 0.0083999,
      "1.21-1.21.40": 0.0083999,
      "1.21.50": 0.0082305
    }
  },
  "ice_plains": {
    "name_zh": "雪原",
    "name_en": "Ice Plains",
    "id": 12,
    "rarity": {
      "1.18": 0.0281827,
      "1.19": 0.0279972,
      "1.20.0-51": 0.0280238,
      "1.20.60-81": 0.0280238,
      "1.21-1.21.40": 0.0280238,
      "1.21.50": 0.0278578
    }
  },
  "snowy_mountains": {
    "name_zh": "雪山",
    "name_en": "Snowy Mountains",
    "id": 13,
    "rarity": {
      "1.18": 1.0,
      "1.19": 1.0,
      "1.20.0-51": 1.0,
      "1.20.60-81": 1.0,
      "1.21-1.21.40": 1.0,
      "1.21.50": 1.0
    }
  },
  "mushroom_island": {
    "name_zh": "蘑菇岛",
    "name_en": "Mushroom Island",
    "id": 14,
    "rarity": {
      "1.18": 0.0014579,
      "1.19": 0.0014086,
      "1.20.0-51": 0.0014281,
      "1.20.60-81": 0.0014281,
      "1.21-1.21.40": 0.0014281,
      "1.21.50": 0.0014196
    }
  },
  "beach": {
    "name_zh": "沙滩",
    "name_en": "Beach",
    "id": 16,
    "rarity": {
      "1.18": 0.0266435,
      "1.19": 0.0267322,
      "1.20.0-51": 0.0267499,
      "1.20.60-81": 0.0267499,
      "1.21-1.21.40": 0.0267499,
      "1.21.50": 0.0267392
    }
  },
  "desert_hills": {
    "name_zh": "沙漠丘陵",
    "name_en": "Desert Hills",
    "id": 17,
    "rarity": {
      "1.18": 1.0,
      "1.19": 1.0,
      "1.20.0-51": 1.0,
      "1.20.60-81": 1.0,
      "1.21-1.21.40": 1.0,
      "1.21.50": 1.0
    }
  },
  "wooded_hills": {
    "name_zh": "繁茂的丘陵",
    "name_en": "Wooded Hills",
    "id": 18,
    "rarity": {
      "1.18": 1.0,
      "1.19": 1.0,
      "1.20.0-51": 1.0,
      "1.20.60-81": 1.0,
      "1.21-1.21.40": 1.0,
      "1.21.50": 1.0
    }
  },
  "taiga_hills": {
    "name_zh": "针叶林丘陵",
    "name_en": "Taiga Hills",
    "id": 19,
    "rarity": {
      "1.18": 1.0,
      "1.19": 1.0,
      "1.20.0-51": 1.0,
      "1.20.60-81": 1.0,
      "1.21-1.21.40": 1.0,
      "1.21.50": 1.0
    }
  },
  "jungle": {
    "name_zh": "丛林",
    "name_en": "Jungle",
    "id": 21,
    "rarity": {
      "1.18": 0.0189879,
      "1.19": 0.0190808,
      "1.20.0-51": 0.0190612,
      "1.20.60-81": 0.0190612,
      "1.21-1.21.40": 0.0190612,
      "1.21.50": 0.0190183
    }
  },
  "jungle_hills": {
    "name_zh": "丛林丘陵",
    "name_en": "Jungle Hills",
    "id": 22,
    "rarity": {
      "1.18": 1.0,
      "1.19": 1.0,
      "1.20.0-51": 1.0,
      "1.20.60-81": 1.0,
      "1.21-1.21.40": 1.0,
      "1.21.50": 1.0
    }
  },
  "jungle_edge": {
    "name_zh": "稀疏丛林",
    "name_en": "Jungle Edge",
    "id": 23,
    "rarity": {
      "1.18": 0.0125459,
      "1.19": 0.0125962,
      "1.20.0-51": 0.0126213,
      "1.20.60-81": 0.0126213,
      "1.21-1.21.40": 0.0126213,
      "1.21.50": 0.0125825
    }
  },
  "deep_ocean": {
    "name_zh": "深海",
    "name_en": "Deep Ocean",
    "id": 24,
    "rarity": {
      "1.18": 0.0436455,
      "1.19": 0.0444823,
      "1.20.0-51": 0.0443362,
      "1.20.60-81": 0.0443362,
      "1.21-1.21.40": 0.0443362,
      "1.21.50": 0.0438286
    }
  },
  "stone_beach": {
    "name_zh": "石岸",
    "name_en": "Stone Beach",
    "id": 25,
    "rarity": {
      "1.18": 0.0119309,
      "1.19": 0.0119803,
      "1.20.0-51": 0.0118723,
      "1.20.60-81": 0.0118723,
      "1.21-1.21.40": 0.0118723,
      "1.21.50": 0.0118787
    }
  },
  "cold_beach": {
    "name_zh": "积雪沙滩",
    "name_en": "Cold Beach",
    "id": 26,
    "rarity": {
      "1.18": 0.0035232,
      "1.19": 0.0035162,
      "1.20.0-51": 0.0035322,
      "1.20.60-81": 0.0035322,
      "1.21-1.21.40": 0.0035322,
      "1.21.50": 0.0035382
    }
  },
  "birch_forest": {
    "name_zh": "桦木森林",
    "name_en": "Birch Forest",
    "id": 27,
    "rarity": {
      "1.18": 0.0215349,
      "1.19": 0.0215701,
      "1.20.0-51": 0.0214758,
      "1.20.60-81": 0.0214758,
      "1.21-1.21.40": 0.0214758,
      "1.21.50": 0.0214164
    }
  },
  "birch_forest_hills": {
    "name_zh": "桦木森林丘陵",
    "name_en": "Birch Forest Hills",
    "id": 28,
    "rarity": {
      "1.18": 1.0,
      "1.19": 1.0,
      "1.20.0-51": 1.0,
      "1.20.60-81": 1.0,
      "1.21-1.21.40": 1.0,
      "1.21.50": 1.0
    }
  },
  "roofed_forest": {
    "name_zh": "黑森林",
    "name_en": "Roofed Forest",
    "id": 29,
    "rarity": {
      "1.18": 0.0200599,
      "1.19": 0.0200939,
      "1.20.0-51": 0.02009,
      "1.20.60-81": 0.02009,
      "1.21-1.21.40": 0.02009,
      "1.21.50": 0.0200148
    }
  },
  "cold_taiga": {
    "name_zh": "积雪针叶林",
    "name_en": "Cold Taiga",
    "id": 30,
    "rarity": {
      "1.18": 0.0256952,
      "1.19": 0.0257114,
      "1.20.0-51": 0.0256428,
      "1.20.60-81": 0.0256428,
      "1.21-1.21.40": 0.0256428,
      "1.21.50": 0.0256341
    }
  },
  "mega_taiga": {
    "name_zh": "原始松木针叶林",
    "name_en": "Mega Taiga",
    "id": 32,
    "rarity": {
      "1.18": 0.0068233,
      "1.19": 0.0068225,